sample	count	spacer	locus_tag	unique_name
AC21	506	AATATCCTTAAAAAACCAGA		
AC21	512	ACAATTTGACGATCTTGCAA	GO593_09950	nuoB
AC22	459	AATATCCTTAAAAAACCAGA		
AC22	492	ACAATTTGACGATCTTGCAA	GO593_09950	nuoB
AC23	1062	AATATCCTTAAAAAACCAGA		
AC23	362	ACAATTTGACGATCTTGCAA	GO593_09950	nuoB
AC24	872	AATATCCTTAAAAAACCAGA		
AC24	252	ACAATTTGACGATCTTGCAA	GO593_09950	nuoB
AC25	600	AATATCCTTAAAAAACCAGA		
AC26	857	AATATCCTTAAAAAACCAGA		
AC27	645	AATATCCTTAAAAAACCAGA		
AC27	77	ACAATTTGACGATCTTGCAA	GO593_09950	nuoB
AC28	590	AATATCCTTAAAAAACCAGA		
AC28	68	ACAATTTGACGATCTTGCAA	GO593_09950	nuoB
AC29	958	AATATCCTTAAAAAACCAGA		
AC30	1699	AATATCCTTAAAAAACCAGA		
AC31	415	AATATCCTTAAAAAACCAGA		
AC31	438	CCAGCACTACCATCCATAAT	GO593_05480	lpxC
AC32	324	AATATCCTTAAAAAACCAGA		
AC32	359	CCAGCACTACCATCCATAAT	GO593_05480	lpxC
AC33	598	AATATCCTTAAAAAACCAGA		
AC33	411	CCAGCACTACCATCCATAAT	GO593_05480	lpxC
AC34	261	AATATCCTTAAAAAACCAGA		
AC34	222	CCAGCACTACCATCCATAAT	GO593_05480	lpxC
AC35	135	AATATCCTTAAAAAACCAGA		
AC35	1174	CCAGCACTACCATCCATAAT	GO593_05480	lpxC
AC36	62	AATATCCTTAAAAAACCAGA		
AC36	834	CCAGCACTACCATCCATAAT	GO593_05480	lpxC
AC38	1066	AATATCCTTAAAAAACCAGA		
AC38	556	CCAGCACTACCATCCATAAT	GO593_05480	lpxC
AC39	35	AATATCCTTAAAAAACCAGA		
AC39	823	CCAGCACTACCATCCATAAT	GO593_05480	lpxC
AC40	53	AATATCCTTAAAAAACCAGA		
AC40	861	CCAGCACTACCATCCATAAT	GO593_05480	lpxC
