sample	all_matches	all_reads	all_matches_proportion
AC21	1027	2790	0.3681
AC22	961	2698	0.35619
AC23	1432	4199	0.341034
AC24	1131	3292	0.34356
AC25	606	2058	0.294461
AC26	865	2610	0.331418
AC27	724	2279	0.317683
AC28	661	1984	0.333165
AC29	960	2678	0.358476
AC30	1710	5189	0.329543
AC31	862	2743	0.314254
AC32	687	1960	0.35051
AC33	1022	3334	0.306539
AC34	487	1367	0.356255
AC35	1319	3067	0.430062
AC36	905	2177	0.41571
AC38	1631	4516	0.36116
AC39	863	2008	0.429781
AC40	917	2084	0.440019
