sample	count	spacer	locus_tag	unique_name	barcode_proportion_of_matches	all_matches	all_reads	all_matches_proportion
AC21	506	AATATCCTTAAAAAACCAGA			0.492697	1027	2790	0.3681
AC21	512	ACAATTTGACGATCTTGCAA	GO593_09950	nuoB	0.498539	1027	2790	0.3681
AC22	459	AATATCCTTAAAAAACCAGA			0.477627	961	2698	0.35619
AC22	492	ACAATTTGACGATCTTGCAA	GO593_09950	nuoB	0.511967	961	2698	0.35619
AC23	1062	AATATCCTTAAAAAACCAGA			0.74162	1432	4199	0.341034
AC23	362	ACAATTTGACGATCTTGCAA	GO593_09950	nuoB	0.252793	1432	4199	0.341034
AC24	872	AATATCCTTAAAAAACCAGA			0.770999	1131	3292	0.34356
AC24	252	ACAATTTGACGATCTTGCAA	GO593_09950	nuoB	0.222812	1131	3292	0.34356
AC25	600	AATATCCTTAAAAAACCAGA			0.990099	606	2058	0.294461
AC26	857	AATATCCTTAAAAAACCAGA			0.990751	865	2610	0.331418
AC27	645	AATATCCTTAAAAAACCAGA			0.890884	724	2279	0.317683
AC27	77	ACAATTTGACGATCTTGCAA	GO593_09950	nuoB	0.106354	724	2279	0.317683
AC28	590	AATATCCTTAAAAAACCAGA			0.892587	661	1984	0.333165
AC28	68	ACAATTTGACGATCTTGCAA	GO593_09950	nuoB	0.102874	661	1984	0.333165
AC29	958	AATATCCTTAAAAAACCAGA			0.997917	960	2678	0.358476
AC30	1699	AATATCCTTAAAAAACCAGA			0.993567	1710	5189	0.329543
AC31	415	AATATCCTTAAAAAACCAGA			0.481439	862	2743	0.314254
AC31	438	CCAGCACTACCATCCATAAT	GO593_05480	lpxC	0.508121	862	2743	0.314254
AC32	324	AATATCCTTAAAAAACCAGA			0.471616	687	1960	0.35051
AC32	359	CCAGCACTACCATCCATAAT	GO593_05480	lpxC	0.522562	687	1960	0.35051
AC33	598	AATATCCTTAAAAAACCAGA			0.585127	1022	3334	0.306539
AC33	411	CCAGCACTACCATCCATAAT	GO593_05480	lpxC	0.402153	1022	3334	0.306539
AC34	261	AATATCCTTAAAAAACCAGA			0.535934	487	1367	0.356255
AC34	222	CCAGCACTACCATCCATAAT	GO593_05480	lpxC	0.455852	487	1367	0.356255
AC35	135	AATATCCTTAAAAAACCAGA			0.10235	1319	3067	0.430062
AC35	1174	CCAGCACTACCATCCATAAT	GO593_05480	lpxC	0.890068	1319	3067	0.430062
AC36	62	AATATCCTTAAAAAACCAGA			0.0685083	905	2177	0.41571
AC36	834	CCAGCACTACCATCCATAAT	GO593_05480	lpxC	0.921547	905	2177	0.41571
AC38	1066	AATATCCTTAAAAAACCAGA			0.653587	1631	4516	0.36116
AC38	556	CCAGCACTACCATCCATAAT	GO593_05480	lpxC	0.340895	1631	4516	0.36116
AC39	35	AATATCCTTAAAAAACCAGA			0.0405562	863	2008	0.429781
AC39	823	CCAGCACTACCATCCATAAT	GO593_05480	lpxC	0.95365	863	2008	0.429781
AC40	53	AATATCCTTAAAAAACCAGA			0.0577972	917	2084	0.440019
AC40	861	CCAGCACTACCATCCATAAT	GO593_05480	lpxC	0.938931	917	2084	0.440019
